raw_symbol,instrument_id,date
NQZ6,261401,2025-11-21
NQZ6,261401,2025-11-22
NQZ6,261401,2025-11-23
NQZ6,261401,2025-11-24
NQZ6,261401,2025-11-25
NQZ6,261401,2025-11-26
NQZ6,261401,2025-11-27
NQZ6,261401,2025-11-28
NQZ6,261401,2025-11-29
NQZ6,261401,2025-11-30
NQZ6,261401,2025-12-01
NQZ6,261401,2025-12-02
NQZ6,261401,2025-12-03
NQZ6,261401,2025-12-04
NQZ6,261401,2025-12-05
NQZ6,261401,2025-12-06
NQZ6,261401,2025-12-07
NQZ6,261401,2025-12-08
NQZ6,261401,2025-12-09
NQZ6,261401,2025-12-10
NQZ6,261401,2025-12-11
NQZ6,261401,2025-12-12
NQZ6,261401,2025-12-13
NQZ6,261401,2025-12-14
NQZ6,261401,2025-12-15
NQZ6,261401,2025-12-16
NQZ6,261401,2025-12-17
NQZ6,261401,2025-12-18
NQZ6,261401,2025-12-19
NQZ6,261401,2025-12-20
NQZ6,261401,2025-12-21
NQZ6,261401,2025-12-22
NQZ6-NQH7,42031033,2025-12-07
NQZ6-NQH7,42031033,2025-12-08
NQZ6-NQH7,42031033,2025-12-09
NQZ6-NQH7,42031033,2025-12-10
NQZ6-NQH7,42031033,2025-12-11
NQZ6-NQH7,42031033,2025-12-12
NQZ6-NQH7,42031033,2025-12-13
NQZ6-NQH7,42031033,2025-12-14
NQZ6-NQH7,42031033,2025-12-15
NQZ6-NQH7,42031033,2025-12-16
NQZ6-NQH7,42031033,2025-12-17
NQZ6-NQH7,42031033,2025-12-18
NQZ6-NQH7,42031033,2025-12-19
NQZ6-NQH7,42031033,2025-12-20
NQZ6-NQH7,42031033,2025-12-21
NQZ6-NQH7,42031033,2025-12-22
NQH6,42002475,2025-11-21
NQH6,42002475,2025-11-22
NQH6,42002475,2025-11-23
NQH6,42002475,2025-11-24
NQH6,42002475,2025-11-25
NQH6,42002475,2025-11-26
NQH6,42002475,2025-11-27
NQH6,42002475,2025-11-28
NQH6,42002475,2025-11-29
NQH6,42002475,2025-11-30
NQH6,42002475,2025-12-01
NQH6,42002475,2025-12-02
NQH6,42002475,2025-12-03
NQH6,42002475,2025-12-04
NQH6,42002475,2025-12-05
NQH6,42002475,2025-12-06
NQH6,42002475,2025-12-07
NQH6,42002475,2025-12-08
NQH6,42002475,2025-12-09
NQH6,42002475,2025-12-10
NQH6,42002475,2025-12-11
NQH6,42002475,2025-12-12
NQH6,42002475,2025-12-13
NQH6,42002475,2025-12-14
NQH6,42002475,2025-12-15
NQH6,42002475,2025-12-16
NQH6,42002475,2025-12-17
NQH6,42002475,2025-12-18
NQH6,42002475,2025-12-19
NQH6,42002475,2025-12-20
NQH6,42002475,2025-12-21
NQH6,42002475,2025-12-22
NQM6,42004058,2025-11-21
NQM6,42004058,2025-11-22
NQM6,42004058,2025-11-23
NQM6,42004058,2025-11-24
NQM6,42004058,2025-11-25
NQM6,42004058,2025-11-26
NQM6,42004058,2025-11-27
NQM6,42004058,2025-11-28
NQM6,42004058,2025-11-29
NQM6,42004058,2025-11-30
NQM6,42004058,2025-12-01
NQM6,42004058,2025-12-02
NQM6,42004058,2025-12-03
NQM6,42004058,2025-12-04
NQM6,42004058,2025-12-05
NQM6,42004058,2025-12-06
NQM6,42004058,2025-12-07
NQM6,42004058,2025-12-08
NQM6,42004058,2025-12-09
NQM6,42004058,2025-12-10
NQM6,42004058,2025-12-11
NQM6,42004058,2025-12-12
NQM6,42004058,2025-12-13
NQM6,42004058,2025-12-14
NQM6,42004058,2025-12-15
NQM6,42004058,2025-12-16
NQM6,42004058,2025-12-17
NQM6,42004058,2025-12-18
NQM6,42004058,2025-12-19
NQM6,42004058,2025-12-20
NQM6,42004058,2025-12-21
NQM6,42004058,2025-12-22
NQH6-NQH7,42021024,2025-12-07
NQH6-NQH7,42021024,2025-12-08
NQH6-NQH7,42021024,2025-12-09
NQH6-NQH7,42021024,2025-12-10
NQH6-NQH7,42021024,2025-12-11
NQH6-NQH7,42021024,2025-12-12
NQH6-NQH7,42021024,2025-12-13
NQH6-NQH7,42021024,2025-12-14
NQH6-NQH7,42021024,2025-12-15
NQH6-NQH7,42021024,2025-12-16
NQH6-NQH7,42021024,2025-12-17
NQH6-NQH7,42021024,2025-12-18
NQH6-NQH7,42021024,2025-12-19
NQH6-NQH7,42021024,2025-12-20
NQH6-NQH7,42021024,2025-12-21
NQH6-NQH7,42021024,2025-12-22
NQM7,42019315,2025-12-07
NQM7,42019315,2025-12-08
NQM7,42019315,2025-12-09
NQM7,42019315,2025-12-10
NQM7,42019315,2025-12-11
NQM7,42019315,2025-12-12
NQM7,42019315,2025-12-13
NQM7,42019315,2025-12-14
NQM7,42019315,2025-12-15
NQM7,42019315,2025-12-16
NQM7,42019315,2025-12-17
NQM7,42019315,2025-12-18
NQM7,42019315,2025-12-19
NQM7,42019315,2025-12-20
NQM7,42019315,2025-12-21
NQM7,42019315,2025-12-22
NQZ5-NQZ6,42015707,2025-11-21
NQZ5-NQZ6,42015707,2025-11-22
NQZ5-NQZ6,42015707,2025-11-23
NQZ5-NQZ6,42015707,2025-11-24
NQZ5-NQZ6,42015707,2025-11-25
NQZ5-NQZ6,42015707,2025-11-26
NQZ5-NQZ6,42015707,2025-11-27
NQZ5-NQZ6,42015707,2025-11-28
NQZ5-NQZ6,42015707,2025-11-29
NQZ5-NQZ6,42015707,2025-11-30
NQZ5-NQZ6,42015707,2025-12-01
NQZ5-NQZ6,42015707,2025-12-02
NQZ5-NQZ6,42015707,2025-12-03
NQZ5-NQZ6,42015707,2025-12-04
NQZ5-NQZ6,42015707,2025-12-05
NQZ5-NQZ6,42015707,2025-12-06
NQZ5-NQZ6,42015707,2025-12-07
NQZ5-NQZ6,42015707,2025-12-08
NQZ5-NQZ6,42015707,2025-12-09
NQZ5-NQZ6,42015707,2025-12-10
NQZ5-NQZ6,42015707,2025-12-11
NQZ5-NQZ6,42015707,2025-12-12
NQZ5-NQZ6,42015707,2025-12-13
NQZ5-NQZ6,42015707,2025-12-14
NQZ5-NQZ6,42015707,2025-12-15
NQZ5-NQZ6,42015707,2025-12-16
NQZ5-NQZ6,42015707,2025-12-17
NQZ5-NQZ6,42015707,2025-12-18
NQZ5-NQZ6,42015707,2025-12-19
NQZ5-NQZ6,42015707,2025-12-20
NQZ5-NQZ6,42015707,2025-12-21
NQZ5-NQZ6,42015707,2025-12-22
NQM6-NQH7,42055379,2025-12-07
NQM6-NQH7,42055379,2025-12-08
NQM6-NQH7,42055379,2025-12-09
NQM6-NQH7,42055379,2025-12-10
NQM6-NQH7,42055379,2025-12-11
NQM6-NQH7,42055379,2025-12-12
NQM6-NQH7,42055379,2025-12-13
NQM6-NQH7,42055379,2025-12-14
NQM6-NQH7,42055379,2025-12-15
NQM6-NQH7,42055379,2025-12-16
NQM6-NQH7,42055379,2025-12-17
NQM6-NQH7,42055379,2025-12-18
NQM6-NQH7,42055379,2025-12-19
NQM6-NQH7,42055379,2025-12-20
NQM6-NQH7,42055379,2025-12-21
NQM6-NQH7,42055379,2025-12-22
NQM6-NQU6,42012025,2025-11-21
NQM6-NQU6,42012025,2025-11-22
NQM6-NQU6,42012025,2025-11-23
NQM6-NQU6,42012025,2025-11-24
NQM6-NQU6,42012025,2025-11-25
NQM6-NQU6,42012025,2025-11-26
NQM6-NQU6,42012025,2025-11-27
NQM6-NQU6,42012025,2025-11-28
NQM6-NQU6,42012025,2025-11-29
NQM6-NQU6,42012025,2025-11-30
NQM6-NQU6,42012025,2025-12-01
NQM6-NQU6,42012025,2025-12-02
NQM6-NQU6,42012025,2025-12-03
NQM6-NQU6,42012025,2025-12-04
NQM6-NQU6,42012025,2025-12-05
NQM6-NQU6,42012025,2025-12-06
NQM6-NQU6,42012025,2025-12-07
NQM6-NQU6,42012025,2025-12-08
NQM6-NQU6,42012025,2025-12-09
NQM6-NQU6,42012025,2025-12-10
NQM6-NQU6,42012025,2025-12-11
NQM6-NQU6,42012025,2025-12-12
NQM6-NQU6,42012025,2025-12-13
NQM6-NQU6,42012025,2025-12-14
NQM6-NQU6,42012025,2025-12-15
NQM6-NQU6,42012025,2025-12-16
NQM6-NQU6,42012025,2025-12-17
NQM6-NQU6,42012025,2025-12-18
NQM6-NQU6,42012025,2025-12-19
NQM6-NQU6,42012025,2025-12-20
NQM6-NQU6,42012025,2025-12-21
NQM6-NQU6,42012025,2025-12-22
NQM6-NQZ6,42008594,2025-11-21
NQM6-NQZ6,42008594,2025-11-22
NQM6-NQZ6,42008594,2025-11-23
NQM6-NQZ6,42008594,2025-11-24
NQM6-NQZ6,42008594,2025-11-25
NQM6-NQZ6,42008594,2025-11-26
NQM6-NQZ6,42008594,2025-11-27
NQM6-NQZ6,42008594,2025-11-28
NQM6-NQZ6,42008594,2025-11-29
NQM6-NQZ6,42008594,2025-11-30
NQM6-NQZ6,42008594,2025-12-01
NQM6-NQZ6,42008594,2025-12-02
NQM6-NQZ6,42008594,2025-12-03
NQM6-NQZ6,42008594,2025-12-04
NQM6-NQZ6,42008594,2025-12-05
NQM6-NQZ6,42008594,2025-12-06
NQM6-NQZ6,42008594,2025-12-07
NQM6-NQZ6,42008594,2025-12-08
NQM6-NQZ6,42008594,2025-12-09
NQM6-NQZ6,42008594,2025-12-10
NQM6-NQZ6,42008594,2025-12-11
NQM6-NQZ6,42008594,2025-12-12
NQM6-NQZ6,42008594,2025-12-13
NQM6-NQZ6,42008594,2025-12-14
NQM6-NQZ6,42008594,2025-12-15
NQM6-NQZ6,42008594,2025-12-16
NQM6-NQZ6,42008594,2025-12-17
NQM6-NQZ6,42008594,2025-12-18
NQM6-NQZ6,42008594,2025-12-19
NQM6-NQZ6,42008594,2025-12-20
NQM6-NQZ6,42008594,2025-12-21
NQM6-NQZ6,42008594,2025-12-22
NQU6-NQZ6,42013467,2025-11-21
NQU6-NQZ6,42013467,2025-11-22
NQU6-NQZ6,42013467,2025-11-23
NQU6-NQZ6,42013467,2025-11-24
NQU6-NQZ6,42013467,2025-11-25
NQU6-NQZ6,42013467,2025-11-26
NQU6-NQZ6,42013467,2025-11-27
NQU6-NQZ6,42013467,2025-11-28
NQU6-NQZ6,42013467,2025-11-29
NQU6-NQZ6,42013467,2025-11-30
NQU6-NQZ6,42013467,2025-12-01
NQU6-NQZ6,42013467,2025-12-02
NQU6-NQZ6,42013467,2025-12-03
NQU6-NQZ6,42013467,2025-12-04
NQU6-NQZ6,42013467,2025-12-05
NQU6-NQZ6,42013467,2025-12-06
NQU6-NQZ6,42013467,2025-12-07
NQU6-NQZ6,42013467,2025-12-08
NQU6-NQZ6,42013467,2025-12-09
NQU6-NQZ6,42013467,2025-12-10
NQU6-NQZ6,42013467,2025-12-11
NQU6-NQZ6,42013467,2025-12-12
NQU6-NQZ6,42013467,2025-12-13
NQU6-NQZ6,42013467,2025-12-14
NQU6-NQZ6,42013467,2025-12-15
NQU6-NQZ6,42013467,2025-12-16
NQU6-NQZ6,42013467,2025-12-17
NQU6-NQZ6,42013467,2025-12-18
NQU6-NQZ6,42013467,2025-12-19
NQU6-NQZ6,42013467,2025-12-20
NQU6-NQZ6,42013467,2025-12-21
NQU6-NQZ6,42013467,2025-12-22
NQH6-NQM6,42014562,2025-11-21
NQH6-NQM6,42014562,2025-11-22
NQH6-NQM6,42014562,2025-11-23
NQH6-NQM6,42014562,2025-11-24
NQH6-NQM6,42014562,2025-11-25
NQH6-NQM6,42014562,2025-11-26
NQH6-NQM6,42014562,2025-11-27
NQH6-NQM6,42014562,2025-11-28
NQH6-NQM6,42014562,2025-11-29
NQH6-NQM6,42014562,2025-11-30
NQH6-NQM6,42014562,2025-12-01
NQH6-NQM6,42014562,2025-12-02
NQH6-NQM6,42014562,2025-12-03
NQH6-NQM6,42014562,2025-12-04
NQH6-NQM6,42014562,2025-12-05
NQH6-NQM6,42014562,2025-12-06
NQH6-NQM6,42014562,2025-12-07
NQH6-NQM6,42014562,2025-12-08
NQH6-NQM6,42014562,2025-12-09
NQH6-NQM6,42014562,2025-12-10
NQH6-NQM6,42014562,2025-12-11
NQH6-NQM6,42014562,2025-12-12
NQH6-NQM6,42014562,2025-12-13
NQH6-NQM6,42014562,2025-12-14
NQH6-NQM6,42014562,2025-12-15
NQH6-NQM6,42014562,2025-12-16
NQH6-NQM6,42014562,2025-12-17
NQH6-NQM6,42014562,2025-12-18
NQH6-NQM6,42014562,2025-12-19
NQH6-NQM6,42014562,2025-12-20
NQH6-NQM6,42014562,2025-12-21
NQH6-NQM6,42014562,2025-12-22
NQZ9,42001830,2025-11-21
NQZ9,42001830,2025-11-22
NQZ9,42001830,2025-11-23
NQZ9,42001830,2025-11-24
NQZ9,42001830,2025-11-25
NQZ9,42001830,2025-11-26
NQZ9,42001830,2025-11-27
NQZ9,42001830,2025-11-28
NQZ9,42001830,2025-11-29
NQZ9,42001830,2025-11-30
NQZ9,42001830,2025-12-01
NQZ9,42001830,2025-12-02
NQZ9,42001830,2025-12-03
NQZ9,42001830,2025-12-04
NQZ9,42001830,2025-12-05
NQZ9,42001830,2025-12-06
NQZ9,42001830,2025-12-07
NQZ9,42001830,2025-12-08
NQZ9,42001830,2025-12-09
NQZ9,42001830,2025-12-10
NQZ9,42001830,2025-12-11
NQZ9,42001830,2025-12-12
NQZ9,42001830,2025-12-13
NQZ9,42001830,2025-12-14
NQZ9,42001830,2025-12-15
NQZ9,42001830,2025-12-16
NQZ9,42001830,2025-12-17
NQZ9,42001830,2025-12-18
NQZ9,42001830,2025-12-19
NQZ9,42001830,2025-12-20
NQZ9,42001830,2025-12-21
NQZ9,42001830,2025-12-22
NQU6-NQH7,42030983,2025-12-07
NQU6-NQH7,42030983,2025-12-08
NQU6-NQH7,42030983,2025-12-09
NQU6-NQH7,42030983,2025-12-10
NQU6-NQH7,42030983,2025-12-11
NQU6-NQH7,42030983,2025-12-12
NQU6-NQH7,42030983,2025-12-13
NQU6-NQH7,42030983,2025-12-14
NQU6-NQH7,42030983,2025-12-15
NQU6-NQH7,42030983,2025-12-16
NQU6-NQH7,42030983,2025-12-17
NQU6-NQH7,42030983,2025-12-18
NQU6-NQH7,42030983,2025-12-19
NQU6-NQH7,42030983,2025-12-20
NQU6-NQH7,42030983,2025-12-21
NQU6-NQH7,42030983,2025-12-22
NQZ8,42030720,2025-11-21
NQZ8,42030720,2025-11-22
NQZ8,42030720,2025-11-23
NQZ8,42030720,2025-11-24
NQZ8,42030720,2025-11-25
NQZ8,42030720,2025-11-26
NQZ8,42030720,2025-11-27
NQZ8,42030720,2025-11-28
NQZ8,42030720,2025-11-29
NQZ8,42030720,2025-11-30
NQZ8,42030720,2025-12-01
NQZ8,42030720,2025-12-02
NQZ8,42030720,2025-12-03
NQZ8,42030720,2025-12-04
NQZ8,42030720,2025-12-05
NQZ8,42030720,2025-12-06
NQZ8,42030720,2025-12-07
NQZ8,42030720,2025-12-08
NQZ8,42030720,2025-12-09
NQZ8,42030720,2025-12-10
NQZ8,42030720,2025-12-11
NQZ8,42030720,2025-12-12
NQZ8,42030720,2025-12-13
NQZ8,42030720,2025-12-14
NQZ8,42030720,2025-12-15
NQZ8,42030720,2025-12-16
NQZ8,42030720,2025-12-17
NQZ8,42030720,2025-12-18
NQZ8,42030720,2025-12-19
NQZ8,42030720,2025-12-20
NQZ8,42030720,2025-12-21
NQZ8,42030720,2025-12-22
NQH6-NQU6,42018378,2025-11-21
NQH6-NQU6,42018378,2025-11-22
NQH6-NQU6,42018378,2025-11-23
NQH6-NQU6,42018378,2025-11-24
NQH6-NQU6,42018378,2025-11-25
NQH6-NQU6,42018378,2025-11-26
NQH6-NQU6,42018378,2025-11-27
NQH6-NQU6,42018378,2025-11-28
NQH6-NQU6,42018378,2025-11-29
NQH6-NQU6,42018378,2025-11-30
NQH6-NQU6,42018378,2025-12-01
NQH6-NQU6,42018378,2025-12-02
NQH6-NQU6,42018378,2025-12-03
NQH6-NQU6,42018378,2025-12-04
NQH6-NQU6,42018378,2025-12-05
NQH6-NQU6,42018378,2025-12-06
NQH6-NQU6,42018378,2025-12-07
NQH6-NQU6,42018378,2025-12-08
NQH6-NQU6,42018378,2025-12-09
NQH6-NQU6,42018378,2025-12-10
NQH6-NQU6,42018378,2025-12-11
NQH6-NQU6,42018378,2025-12-12
NQH6-NQU6,42018378,2025-12-13
NQH6-NQU6,42018378,2025-12-14
NQH6-NQU6,42018378,2025-12-15
NQH6-NQU6,42018378,2025-12-16
NQH6-NQU6,42018378,2025-12-17
NQH6-NQU6,42018378,2025-12-18
NQH6-NQU6,42018378,2025-12-19
NQH6-NQU6,42018378,2025-12-20
NQH6-NQU6,42018378,2025-12-21
NQH6-NQU6,42018378,2025-12-22
NQZ7,23041,2025-11-21
NQZ7,23041,2025-11-22
NQZ7,23041,2025-11-23
NQZ7,23041,2025-11-24
NQZ7,23041,2025-11-25
NQZ7,23041,2025-11-26
NQZ7,23041,2025-11-27
NQZ7,23041,2025-11-28
NQZ7,23041,2025-11-29
NQZ7,23041,2025-11-30
NQZ7,23041,2025-12-01
NQZ7,23041,2025-12-02
NQZ7,23041,2025-12-03
NQZ7,23041,2025-12-04
NQZ7,23041,2025-12-05
NQZ7,23041,2025-12-06
NQZ7,23041,2025-12-07
NQZ7,23041,2025-12-08
NQZ7,23041,2025-12-09
NQZ7,23041,2025-12-10
NQZ7,23041,2025-12-11
NQZ7,23041,2025-12-12
NQZ7,23041,2025-12-13
NQZ7,23041,2025-12-14
NQZ7,23041,2025-12-15
NQZ7,23041,2025-12-16
NQZ7,23041,2025-12-17
NQZ7,23041,2025-12-18
NQZ7,23041,2025-12-19
NQZ7,23041,2025-12-20
NQZ7,23041,2025-12-21
NQZ7,23041,2025-12-22
NQH7,42005205,2025-11-21
NQH7,42005205,2025-11-22
NQH7,42005205,2025-11-23
NQH7,42005205,2025-11-24
NQH7,42005205,2025-11-25
NQH7,42005205,2025-11-26
NQH7,42005205,2025-11-27
NQH7,42005205,2025-11-28
NQH7,42005205,2025-11-29
NQH7,42005205,2025-11-30
NQH7,42005205,2025-12-01
NQH7,42005205,2025-12-02
NQH7,42005205,2025-12-03
NQH7,42005205,2025-12-04
NQH7,42005205,2025-12-05
NQH7,42005205,2025-12-06
NQH7,42005205,2025-12-07
NQH7,42005205,2025-12-08
NQH7,42005205,2025-12-09
NQH7,42005205,2025-12-10
NQH7,42005205,2025-12-11
NQH7,42005205,2025-12-12
NQH7,42005205,2025-12-13
NQH7,42005205,2025-12-14
NQH7,42005205,2025-12-15
NQH7,42005205,2025-12-16
NQH7,42005205,2025-12-17
NQH7,42005205,2025-12-18
NQH7,42005205,2025-12-19
NQH7,42005205,2025-12-20
NQH7,42005205,2025-12-21
NQH7,42005205,2025-12-22
NQH6-NQZ6,42006934,2025-11-21
NQH6-NQZ6,42006934,2025-11-22
NQH6-NQZ6,42006934,2025-11-23
NQH6-NQZ6,42006934,2025-11-24
NQH6-NQZ6,42006934,2025-11-25
NQH6-NQZ6,42006934,2025-11-26
NQH6-NQZ6,42006934,2025-11-27
NQH6-NQZ6,42006934,2025-11-28
NQH6-NQZ6,42006934,2025-11-29
NQH6-NQZ6,42006934,2025-11-30
NQH6-NQZ6,42006934,2025-12-01
NQH6-NQZ6,42006934,2025-12-02
NQH6-NQZ6,42006934,2025-12-03
NQH6-NQZ6,42006934,2025-12-04
NQH6-NQZ6,42006934,2025-12-05
NQH6-NQZ6,42006934,2025-12-06
NQH6-NQZ6,42006934,2025-12-07
NQH6-NQZ6,42006934,2025-12-08
NQH6-NQZ6,42006934,2025-12-09
NQH6-NQZ6,42006934,2025-12-10
NQH6-NQZ6,42006934,2025-12-11
NQH6-NQZ6,42006934,2025-12-12
NQH6-NQZ6,42006934,2025-12-13
NQH6-NQZ6,42006934,2025-12-14
NQH6-NQZ6,42006934,2025-12-15
NQH6-NQZ6,42006934,2025-12-16
NQH6-NQZ6,42006934,2025-12-17
NQH6-NQZ6,42006934,2025-12-18
NQH6-NQZ6,42006934,2025-12-19
NQH6-NQZ6,42006934,2025-12-20
NQH6-NQZ6,42006934,2025-12-21
NQH6-NQZ6,42006934,2025-12-22
NQZ5-NQU6,42012003,2025-11-21
NQZ5-NQU6,42012003,2025-11-22
NQZ5-NQU6,42012003,2025-11-23
NQZ5-NQU6,42012003,2025-11-24
NQZ5-NQU6,42012003,2025-11-25
NQZ5-NQU6,42012003,2025-11-26
NQZ5-NQU6,42012003,2025-11-27
NQZ5-NQU6,42012003,2025-11-28
NQZ5-NQU6,42012003,2025-11-29
NQZ5-NQU6,42012003,2025-11-30
NQZ5-NQU6,42012003,2025-12-01
NQZ5-NQU6,42012003,2025-12-02
NQZ5-NQU6,42012003,2025-12-03
NQZ5-NQU6,42012003,2025-12-04
NQZ5-NQU6,42012003,2025-12-05
NQZ5-NQU6,42012003,2025-12-06
NQZ5-NQU6,42012003,2025-12-07
NQZ5-NQU6,42012003,2025-12-08
NQZ5-NQU6,42012003,2025-12-09
NQZ5-NQU6,42012003,2025-12-10
NQZ5-NQU6,42012003,2025-12-11
NQZ5-NQU6,42012003,2025-12-12
NQZ5-NQU6,42012003,2025-12-13
NQZ5-NQU6,42012003,2025-12-14
NQZ5-NQU6,42012003,2025-12-15
NQZ5-NQU6,42012003,2025-12-16
NQZ5-NQU6,42012003,2025-12-17
NQZ5-NQU6,42012003,2025-12-18
NQZ5-NQU6,42012003,2025-12-19
NQZ5-NQU6,42012003,2025-12-20
NQZ5-NQU6,42012003,2025-12-21
NQZ5-NQU6,42012003,2025-12-22
NQZ0,42005663,2025-11-21
NQZ0,42005663,2025-11-22
NQZ0,42005663,2025-11-23
NQZ0,42005663,2025-11-24
NQZ0,42005663,2025-11-25
NQZ0,42005663,2025-11-26
NQZ0,42005663,2025-11-27
NQZ0,42005663,2025-11-28
NQZ0,42005663,2025-11-29
NQZ0,42005663,2025-11-30
NQZ0,42005663,2025-12-01
NQZ0,42005663,2025-12-02
NQZ0,42005663,2025-12-03
NQZ0,42005663,2025-12-04
NQZ0,42005663,2025-12-05
NQZ0,42005663,2025-12-06
NQZ0,42005663,2025-12-07
NQZ0,42005663,2025-12-08
NQZ0,42005663,2025-12-09
NQZ0,42005663,2025-12-10
NQZ0,42005663,2025-12-11
NQZ0,42005663,2025-12-12
NQZ0,42005663,2025-12-13
NQZ0,42005663,2025-12-14
NQZ0,42005663,2025-12-15
NQZ0,42005663,2025-12-16
NQZ0,42005663,2025-12-17
NQZ0,42005663,2025-12-18
NQZ0,42005663,2025-12-19
NQZ0,42005663,2025-12-20
NQZ0,42005663,2025-12-21
NQZ0,42005663,2025-12-22
NQZ5-NQH6,42006122,2025-11-21
NQZ5-NQH6,42006122,2025-11-22
NQZ5-NQH6,42006122,2025-11-23
NQZ5-NQH6,42006122,2025-11-24
NQZ5-NQH6,42006122,2025-11-25
NQZ5-NQH6,42006122,2025-11-26
NQZ5-NQH6,42006122,2025-11-27
NQZ5-NQH6,42006122,2025-11-28
NQZ5-NQH6,42006122,2025-11-29
NQZ5-NQH6,42006122,2025-11-30
NQZ5-NQH6,42006122,2025-12-01
NQZ5-NQH6,42006122,2025-12-02
NQZ5-NQH6,42006122,2025-12-03
NQZ5-NQH6,42006122,2025-12-04
NQZ5-NQH6,42006122,2025-12-05
NQZ5-NQH6,42006122,2025-12-06
NQZ5-NQH6,42006122,2025-12-07
NQZ5-NQH6,42006122,2025-12-08
NQZ5-NQH6,42006122,2025-12-09
NQZ5-NQH6,42006122,2025-12-10
NQZ5-NQH6,42006122,2025-12-11
NQZ5-NQH6,42006122,2025-12-12
NQZ5-NQH6,42006122,2025-12-13
NQZ5-NQH6,42006122,2025-12-14
NQZ5-NQH6,42006122,2025-12-15
NQZ5-NQH6,42006122,2025-12-16
NQZ5-NQH6,42006122,2025-12-17
NQZ5-NQH6,42006122,2025-12-18
NQZ5-NQH6,42006122,2025-12-19
NQZ5-NQH6,42006122,2025-12-20
NQZ5-NQH6,42006122,2025-12-21
NQZ5-NQH6,42006122,2025-12-22
NQZ5-NQM6,42014438,2025-11-21
NQZ5-NQM6,42014438,2025-11-22
NQZ5-NQM6,42014438,2025-11-23
NQZ5-NQM6,42014438,2025-11-24
NQZ5-NQM6,42014438,2025-11-25
NQZ5-NQM6,42014438,2025-11-26
NQZ5-NQM6,42014438,2025-11-27
NQZ5-NQM6,42014438,2025-11-28
NQZ5-NQM6,42014438,2025-11-29
NQZ5-NQM6,42014438,2025-11-30
NQZ5-NQM6,42014438,2025-12-01
NQZ5-NQM6,42014438,2025-12-02
NQZ5-NQM6,42014438,2025-12-03
NQZ5-NQM6,42014438,2025-12-04
NQZ5-NQM6,42014438,2025-12-05
NQZ5-NQM6,42014438,2025-12-06
NQZ5-NQM6,42014438,2025-12-07
NQZ5-NQM6,42014438,2025-12-08
NQZ5-NQM6,42014438,2025-12-09
NQZ5-NQM6,42014438,2025-12-10
NQZ5-NQM6,42014438,2025-12-11
NQZ5-NQM6,42014438,2025-12-12
NQZ5-NQM6,42014438,2025-12-13
NQZ5-NQM6,42014438,2025-12-14
NQZ5-NQM6,42014438,2025-12-15
NQZ5-NQM6,42014438,2025-12-16
NQZ5-NQM6,42014438,2025-12-17
NQZ5-NQM6,42014438,2025-12-18
NQZ5-NQM6,42014438,2025-12-19
NQZ5-NQM6,42014438,2025-12-20
NQZ5-NQM6,42014438,2025-12-21
NQZ5-NQM6,42014438,2025-12-22
NQZ5,158704,2025-11-21
NQZ5,158704,2025-11-22
NQZ5,158704,2025-11-23
NQZ5,158704,2025-11-24
NQZ5,158704,2025-11-25
NQZ5,158704,2025-11-26
NQZ5,158704,2025-11-27
NQZ5,158704,2025-11-28
NQZ5,158704,2025-11-29
NQZ5,158704,2025-11-30
NQZ5,158704,2025-12-01
NQZ5,158704,2025-12-02
NQZ5,158704,2025-12-03
NQZ5,158704,2025-12-04
NQZ5,158704,2025-12-05
NQZ5,158704,2025-12-06
NQZ5,158704,2025-12-07
NQZ5,158704,2025-12-08
NQZ5,158704,2025-12-09
NQZ5,158704,2025-12-10
NQZ5,158704,2025-12-11
NQZ5,158704,2025-12-12
NQZ5,158704,2025-12-13
NQZ5,158704,2025-12-14
NQZ5,158704,2025-12-15
NQZ5,158704,2025-12-16
NQZ5,158704,2025-12-17
NQZ5,158704,2025-12-18
NQZ5,158704,2025-12-19
NQZ5,158704,2025-12-20
NQZ5,158704,2025-12-21
NQZ5,158704,2025-12-22
NQU6,42004177,2025-11-21
NQU6,42004177,2025-11-22
NQU6,42004177,2025-11-23
NQU6,42004177,2025-11-24
NQU6,42004177,2025-11-25
NQU6,42004177,2025-11-26
NQU6,42004177,2025-11-27
NQU6,42004177,2025-11-28
NQU6,42004177,2025-11-29
NQU6,42004177,2025-11-30
NQU6,42004177,2025-12-01
NQU6,42004177,2025-12-02
NQU6,42004177,2025-12-03
NQU6,42004177,2025-12-04
NQU6,42004177,2025-12-05
NQU6,42004177,2025-12-06
NQU6,42004177,2025-12-07
NQU6,42004177,2025-12-08
NQU6,42004177,2025-12-09
NQU6,42004177,2025-12-10
NQU6,42004177,2025-12-11
NQU6,42004177,2025-12-12
NQU6,42004177,2025-12-13
NQU6,42004177,2025-12-14
NQU6,42004177,2025-12-15
NQU6,42004177,2025-12-16
NQU6,42004177,2025-12-17
NQU6,42004177,2025-12-18
NQU6,42004177,2025-12-19
NQU6,42004177,2025-12-20
NQU6,42004177,2025-12-21
NQU6,42004177,2025-12-22
